text,label,notes
They had their chance they blew it. Wiseman over Haliburton. Moody and kuminga over franz and sengun. Had their hit their first rounders they would be set,analysis,
The 04 lakers had 25 year old Kobe and a 31 year old shaq,analysis,
Reminds me of Karl Malone and Gary Payton joining 2003/04 Lakers that had Shaq and Kobe. Except Shaq and Kobe were in their prime.,analysis,
Lawrence Frank and Steve Balmer wanted Kawhi. They should have turned their backs on him when the price became too high and let him go to the Lakers (which Kawhi never wanted to go to anyways). They couldn't call his bluff because they didn't know the franchise building block they had in SGA. Oh well. That's how the dice rolls sometimes.,analysis,
"Even outside of that, they're clearly choosing a direction basketball wise with Kon and Miller. There's risk but I feel like not doing that is how a lot of teams stay in purgatory. A lot of owners wouldn't break that up just off the second half of their season and what I'm guessing are great season ticket numbers",analysis,
"The Suns are in zero position to be trading any of their own first round picks for the next 10 years lmao Sure they get one back, but now you don’t have your own when Booker is going to be winding down his career, a possible extremely valuable pick, given away in a random trade. Shit like this is why the Suns are in the position they are in.",analysis,
"Hornets have a lot of picks (2nd most 1sts behind OKC, iirc) so giving up a 2029 pick for a future 2033 pick is really good business too Oh yeah they also got the woman beater off the team",analysis,
The 2029 was like a worst of 3 teams pick I think. so they got an upgraded pick.,analysis,
Obsessed to a fault. He’s so far off the Mavs timeline it’s insane. For a team like Detroit it makes sense to take a calculated gamble because you know you’re ready to win now Dallas’ best player is a 19 year old and Kyrie is 35 something coming off an ACL tear,analysis,
"Not really. The Mavs timeline is right about now (Flagg + Kyrie + whatever is left, including Kawhi is available). If not, you'll have to wait the early 2030s because they don't have picks until then.",analysis,
Why would you not want your picks with a 19 year old Cooper on the roster?? Are they high???,analysis,
Lot of rings too. Between the 3: - 22 NBA championships as players - 2 NBA championships as head coach - 2 NBA championships as assistant coach - 6 NCAA championships,analysis,
"Watch the hips, not the ball. The feet can lie.",analysis,
"And also the offensive foul when kyrie grabs him Honestly the guy did a great job, getting one stop and drawing an offensive foul in two possessions against an elite nba player is no joke (Obviously kyrie isn’t actually trying hard but still impressive)",analysis,
"Those odds in April never really smelt right. This isn't the roster that won a championship. It's Brown, Tatum, White and then a massive drop-off. They were starting Garza and Queta at center to guard Embiid, KAT, Mobley, etc. Even Brad Stevens said the roster wasn't super talented in his exit interview.",analysis,
"If they punt and take by picks instead of money, don’t they reset their apron status? Might not be a bad idea to really ease Tatum back into a full season post Achilles with zero expectations, reset their cap, then have picks to reload next offseason. Brad’s a magician so I’d trust whatever he’s cooking up, but it might be a lean year for Boston next season.",analysis,
"Jaylen Brown is better than Mikal but for most teams, it's easier to build around Mikal making $23 million (at the time) vs. Brown making $60 million. I think Bridges' trade value was higher then than Brown's is now.",analysis,
Brad has decided moving him is the best way to create another window of contention. It remains to be seen but I’m still mystified he didn’t throw the kitchen sink at Giannis. It could be an era defining mistake if they can’t flip the JB return for productive players.,analysis,
I don't understand it. The blueprint for small market teams is right there in San Antonio and OKC. Giving up all your future draft picks before you've gotten out of the first round of the playoffs is so short sighted.,analysis,
"I just don’t understand this. In a fairly open east, their current team is very much good enough to make the finals. Why are they pushing him out the door. There has to be stuff happening behind the scenes.",analysis,
"I think everyone involved understands the relationship is fractured. He just had his best season ever, All-NBA in what looked to be a tanking year, and they turn around and publicly try trade him.",analysis,
Blazers stay bailing Celtics out with their trades,analysis,
Yeah 4 frps for a 28/7/5 player is bailing them out.. Those picks could be useless. It will likely be Grant/Sharpe plus 2-3 frps. Meanwhile the blazers become an extremely well rounded team with potential for top 5 off and def. Dame/Brown/Deni/Camara/Clingan Scoot/Jrue/Thybulle/Cissoko/RW3,analysis,
"4 firsts is steep but Brown's a legit two-way wing in his prime, that's what that costs. Portland's got the assets and needs a real building block. Question is whether Boston flips those picks for win-now help or just resets around Tatum",analysis,
The cheapest owner in the league wants to trade for the biggest contract in the league,analysis,
"He's 7th in win shares per 48 amongst Celtics players that played more than 10 games. That's just a single stat, not a model, but it's probably where the ranking came from.",analysis,
"Then someone else said that he was in the one of the five worst players in the league in terms of making their team and teammates better. The guys has made like 6 Conference Finals and won a championship. By that logic if the Celtics did nothing else but bench him, they would have been the 1990s Bulls since her second highest usage and minutes guy was actively sabotaging them",analysis,
This is the first time “Jalen” has not been drafted in a decade | Draft Year | Count | |-----------|------:| | 2017 | 1 | | 2018 | 1 | | 2019 | 3 | | 2020 | 2 | | 2021 | 3 | | 2022 | 3 | | 2023 | 5 | | 2024 | 2 | | 2025 | 1 | | 2026 | 0 | Is this the end of the Jalen Generation?,analysis,
"One of the factors for a lot of players like Evans is that the coaching staff went into recruiting and transfer portal expecting them to enter the draft and don’t leave a spot for them, if they don’t wanna switch schools then they’re stuck with the NBA",analysis,
"I'm surprised how low Labaron, Cenac, and Carr dropped",analysis,
Harper not playing 40 minutes a game will go down as one of the worst coaching decisions of all time. Especially when he becomes a perennial all nba player. He is already top10 in rapm,analysis,has a stat (rapm) but framed as hyperbole ('worst decision ever'); kept analysis per rule A
Don't let Brunson's MVP performance distract you from the fact that Fox shot: 3/13 8/12 4/14 6/16 3/15 High volume clanker,analysis,
"De'Aaron fox, your 60 mil/year ""star"" PG, in the WCF and finals combined, averaged 12 points on 42% TS",analysis,
KAT is way to important to this team to get into foul trouble. I'm sorry Mitchell Robinson is unplayable on both ends of the floor. The knicks won KAT's minutes by a fuckton. He needs to play 40 minutes at this rate. He was +17 in a 1 point win,analysis,
In this series: KAT is a cumulative +42 Mitchell Robinson is a cumulative -41 The Knicks are a cumulative +8,analysis,
"See you next year Spurs. Their inexperience was very glaring tonight. When the shots stopped falling, they continue chucking up prayers without changing up their game plan. Also Wemby needs to work on his cardio. He’s always gassed by the 3rd quarter and I guess coach isn’t willing to sit him.",analysis,
OG was fucking incredible tonight Edit: part of the Spurs' offensive struggles this series is that they've been super inefficient in transition & that's like 90% OG and 10% Mikal/Hart hustle plays,analysis,
"12-12* free throws in the 4th. Locked the fuck in even with that crazy crowd. Edit:12-12, not 10-10. Thanks Gloomy.",analysis,
The 4th quarter stretch around the 7 minute mark with multiple challenges and timeouts was huge. Got Wemby a long rest that allowed him to play the whole 4th. Didn't have to survive the Kornet minutes so it didn't allow New York to make a huge run.,analysis,
Castle won the game. That three combined with the two clutch free throws. To hit those shots in the NBA Finals at Madison Square Garden is absolutely cold blooded.,analysis,borderline reaction; cites the specific plays (3 + 2 FTs) so -> analysis
Fox played so well down the stretch. The block and now the dagger. Shoutout to him after not having a great series. Also the Spurs really have the 6th man of the year as the second best player off their bench lmao.,analysis,
What the Spurs were able to convert with turnovers was just a killer for the Knicks tonight. 13 TOs that led to 21 Spurs points. Spurs had 8 TOs that led to just 7 Knicks points.,analysis,
We need to have the uncomfortable conversation that KAT is putting up a top 10 advanced stat playoff run ever.,analysis,"advanced-stat claim w/o the numbers shown; borderline hot_take, kept analysis (cites a stat type)"
So am I correct in saying that the Knicks only took 5 FTs in the second half? The 3 they had to challenge for and then Brunson’s 2 at the end,analysis,
Especially when you don’t have a shot clock on the last possession. Pure idiotic game management by Mitch Johnson. You take the last shot and if you don’t hit it you go to OT.,analysis,"reasoning not stats; borderline hot_take, kept analysis (concrete clock-management argument)"
"Josh Hart with an absolute dog stat line. 1-5 from the field, 0-3 from 3—but with 15 rebounds, 6 assists, 4 steals, and 1 block with a +/- of +22",analysis,
The key for the Knicks is that they win the KAT Wemby minutes. KAT can defend him due to his strength and speed while Wemby can't stay in front of him on defense or box him out on the offensive glass. The other Key is that brunson doesn't miss in the clutch.,analysis,
"KAT is the big man killer. Nobody wanna admit it, but he can dish it and lock it with the best of the bigs. He was PIVOTAL in shutting down Jokic in 2023. And hes showing here that he can Handle Wemby too as long as he stays disciplined.",analysis,
He does literally everything else but the score the ball. Unironically if he could score he would straight up be OP. My head canon is that the basketball gods patched him with an offense nerf.,analysis,
Put some respect on his name fr,analysis,
"This is what every franchise should do when they have a real legend playing for them. Ya you might be awful for a while after, but without a player like steph you dont have near the success so you do whatever you can to give that guy as many shots at a ring as you can before he hangs it up. Seeing steph and lebron play together for a year would be pretty cool.",hot_take,
Mavs have to do a solid and waive Klay and let him join up with this team,hot_take,
"i kinda respect it as a strategy if you don't have an actual shot at a championship with an aging superstar, your only options are to blow it up, or make high risk moves that increase your ceiling, even if you're 90% likely to flop",hot_take,
I think the Warriors drafted him with the intention of keeping him and could get the deal done with just picks and Jimmy.,hot_take,
Its not necessarily wrong though. It has to be one of the more disappointing signings I can remember. It definitely seems like hes phoned it in since he got there.,hot_take,
"Yeah lol, how are people defending Kawahi on this. Dudes been brutal, insufferable, selfish, entitled etc.",hot_take,
"And he's not coming back to San Antonio. Let's put that to rest right now. I'm 100% ok with a player wanting to leave, but straight up ghosting Pop and the entire Spurs organization while Pop's wife was dying of cancer is unforgivable to us fans.",hot_take,
Saying he's worse than Anthony Rendon is certainly a take,hot_take,
Disgusting trade by the Suns. I absolutely hate this,hot_take,borderline reaction (emotional) vs hot_take; judged a claim on the trade -> hot_take (rule B)
Trading picks away for an old guy when you have Flagg is extremely questionable,hot_take,
Holy shit Dallas really fumbled away what could have been a championship contending roster for years,hot_take,
seems a smidge too early in the rebuild to be pushing in your chips and sending what little picks you already have especially for damaged goods like kawhi,hot_take,
Yea this makes absolutely 0 sense. Flagg is entering year 2. Why use what little draft capital you have to trade for a 34 year old Kawhi,hot_take,
They can't tank because they don't own their picks so they have to be competitive but never should the trade a 1st rounder for 50 games of Kawhi lol.,hot_take,
Why were athletes in media more eloquent back then? Are we too used to being interrupted? Are we too focused on hot takes and being inflammatory? The phrasing and cadence between these athletes and the professionals that I hear from today is night and day.,hot_take,
I hate how he has better defense than Luka,hot_take,
"Offering Brown for Giannis is one thing, why the hell would they trade him for picks? I don’t care if he’s unhappy he’s under contract",hot_take,
People completely misunderstand analytics and it definitely has its place. However when you’re talking about models putting Jaylen Brown as the 7th best player on the Celtics we need a bit of a correction lol,hot_take,
"No one even knows what model, which source, what context, etc. It’s probably all made up for clicks or ulterior motives and it’s working.",hot_take,
It's massively idiotic. Statements like that push back understanding of the usefulness of analytics. Nobody on earth who has watched him play would say he is the 7th best player on the Celtics. It's stupid.,hot_take,
"4s shooting graceful long 2s is really a dead art. West, KG, Lamarcus Aldridge, etc. I miss that style of player. Now you have bums like Tari Eason chucking 5+ threes nightly",hot_take,
Hes not wrong. Weve basically min/maxed everything in life. Efficiency is the killer of joy,hot_take,
"I know it’d be a bit of a shocker, but Brunson for Sabonis would make a ton of sense in my opinion",hot_take,
I'll do it: Wagler is going to be a bust and he'll go down as another terrible draft pick for the clippers a la Jerome Robinson. Meanwhile Acuff and Brown Jr. will have excellent careers. People will look back on this draft and clown the clippers hard with the benefit of hindsight.,hot_take,
"Knicks are looking to trade 31, too. Gonna end up with 9 seconds at this rate.",hot_take,
I still don’t understand how Cam was not the obvious #1 pick.,hot_take,
I liked Charlotte’s draft.. Thinking they might be a top 6 team & out of the play in.. No?,hot_take,
We could’ve used a backup for Jokic. Fuck!,hot_take,
"Literally the same story in each loss, up big to lose the lead and lose in the clutch",hot_take,
"Too young and inexperienced, this’ll only make them better in the long run",hot_take,
Yeah Mitch Johnson's coaching in this series potentially cost San Antonio a championship. His obsession with playing Fox and horrible game management is gonna give every SA fan nightmares.,hot_take,
Mitch is probably the worst fucking coach I’ve watched in my life,hot_take,
Jalen Brunson with the absolute carry job cements himself as the greatest Knick of all time,hot_take,
Starting to think Brunson might be a better late game closer than Fox.,hot_take,
WHY WAS FOX FUCKING SHOOTING SO MUCH,hot_take,
Everyone is better than Brunson until **it's time to be better than Brunson**.,hot_take,"recurring meme phrasing; borderline banter, kept hot_take (sincere claim about Brunson)"
Wemby last week: “The lack of experience is a strength for us. We can do impossible stuff because we don't know it's impossible.” Aged like wine. I thought blowing a 29 pt lead in the finals was impossible.,hot_take,
"Coaching too, just mindblowingly bad by Johnson. Not sure how you come back from that",hot_take,
"He's really fucking good and everyone's a fucking moron. A 7 footer thick boi that can drive from the perimeter... there's like him, Jokic, and no one else.",hot_take,
Wemby and Brunson taking turns selling the game away.,hot_take,
"Horrible game from Brunson, yet Knicks still win.",hot_take,
Brunson nearly lost the game by himself in the 4th,hot_take,
"Coaches with this fucking gimmick of let em play while they have a timeout is so trash. I’ve never seen someone go mannn we shouldn’t have used our timeout there. Grab the board, call the timeout and figure some shit out. Guys 19-20 years old in the finals and you letting them run up the court with their head spinning with 7 seconds left. Fucking idiot",hot_take,
"Saw a great comment from before: 'Damn, just how good were the Hawks?'",hot_take,
As a Knicks fan I felt worse up by 8 with 6+ minutes left than I did down by 1 with 2 minutes left.,hot_take,
"Basketball aside, KAT talking about feeling like his mother’s spirit was with him today is really touching.",hot_take,
When are people finally going to start taking the Knicks seriously? They're on one of the most dominant playoff runs ever. This isn't a fluke. They're not getting lucky. They're the real deal.,hot_take,
"just a few more wins, then people can blame it on the Spurs being too young.",hot_take,
Are the Hawks the second best team in the NBA? Many people are saying it. Also selfie gate turned the tide this game,hot_take,
"Just gonna say, most superstars would get shit on so hard for playing the Wemby did down the stretch tonight",hot_take,
He gone. This is the Kawhi hit piece narrative,reaction,
Genuinely so happy I don’t have to watch this pos anymore,reaction,
I stayed up all night just to watch us trade away the last pick.,reaction,
"Apparently, we actually traded the pick for Sergio",reaction,
Biggest winner is the Celtics a couple years from now.,reaction,
"Chicago and Memphis fucking aced this draft. Biased, but I love OKC’s as well. To be fair, not many bad picks in the first round at all. If you and two, it was hard to not be a winner.",reaction,
Stirtz at 16? I don’t know how his game is going to translate. Won’t have to play for a while so maybe could develop but I have my doubts,reaction,
This had to have set a record for most trades in one round,reaction,
I hate how the NBA does draft day trades man. It’s so confusing. Why is the team that traded still picking in that spot? Why don’t the teams just swap spots like in every other league? Do they try to make it as incomprehensible as possible?,reaction,
Spurs led 80% of this series and lost 4-1. I’d be so sick if I was a fan lol,reaction,
What a way to end 53 years draught,reaction,
Brunson's jersey guaranteed in those rafters,reaction,
Brunson legacy game. Bloke put the entire state on his back and dragged them to the title.,reaction,
I really witnessed the Knicks became a champion in my lifetime. PS. Never let a Kangz infiltrate your team.,reaction,
Fox and Castle were horrible. Wemby shot poorly too. Spurs were so consistent in choking in the 4th.,reaction,
"MY GUY, THE JAZZMAN FOR 5 IN A HALF YEARS, MICHAEL JORDAN CLARKSON IS AN NBA CHAMPION!",reaction,
"So happy for KAT, dude. He’s had such a tough career and such a rough few years. Absolutely deserves this.",reaction,
Spurs are the worst clutch team ever. And Im a Falcons fan,reaction,
Da'Aaron Fox just had to HOLD ON THE FUCKING BALL,reaction,
WE JUST WITNESSED THE GREATEST CHOKE IN NBA HISTORY 🤯🤯🤯 THIS SERIES IS ABSOLUTE FUCKING CINEMA. Embarrassing for the Spurs. Coaches need to be better Edit: i still dont know why Fox went for the layup 🤣,reaction,
This shit is a complete nightmare for Spurs fans.,reaction,
Worst 24 minutes of my entire life,reaction,
Bad night to be a car parked in Manhattan,reaction,
FUCK YOU FOX YOU FUCKING DUMBASS,reaction,
What in the actual fuck is Fox doing shooting the ball there at the end,reaction,
"Wemby ""I'm in your head"" looks so bad now.",reaction,
good lord that is embarrassing by the Spurs. makes me feel better about the Cavs blown game. Happy for Larry David though!,reaction,
Well that game was a roller coaster… holy fuck OG,reaction,
"They can win as many games in a row and take the first two on the road in the Finals, but until they win the NBA Championship I refuse to believe they can truly win it all. This franchise has been cursed for 53 damn years and I’m tired of it",reaction,
Knicks 🤝 Spurs Screwing over their fans who spent boatloads of money to see them,reaction,
That block from Fox on KAT was amazing,reaction,
Wemby's block on Shamet was timed to perfection,reaction,
Man could OG miss tonight? Absolute nuke after nuke. Glad Wemby didn’t let G2’s heartbreaker affect him.,reaction,
I know Knicks fans are going to blame the refs but the amount of bricks the Spurs had on open looks is the only reason they didn't win by like 20.,reaction,
"The spurs had it, wemby came alive after KAT has been dominating him. What a costly mistake by wemby. NYC will have the garden rocking. The spurs are in deep water.",reaction,
"Crushing loss for the spurs, and going into NY? Yikes",reaction,
"is it a costly mistake by Wemby? I was a big, so I'm biased, but how the FUCK is a guard not ready for an outlet?",reaction,
Great challenge from Mike Brown and the Knicks there too.,reaction,
Cannot believe we won this game,reaction,
"Almost fucking choked it, my heart",reaction,
With so many bullshit calls and noncalls too. Holy shit fuck Tony brothers,reaction,
These two games were so monumental for us^ignorethealmostchokejobhere,reaction,
"This game was a certified classic, the Tony Brothers experience ensured it!",reaction,
BIGGEST FUCKING REF JOB AND WE STILL WON!,reaction,
Those Kornet minutes were ugly.,reaction,
"and one big KAT purr baby purr, KAT",reaction,
Jalen Brunson you're fucking insane brother. Just absolutely ridiculous shot making down the stretch. Also huge respect to KAT today. Massive performance on both ends.,reaction,
No notes. I thought it would be boring after Brunson got hurt.,reaction,
It looked like Spurs had 0 offensive plans,reaction,
It pains me greatly how clutch this dude is,reaction,
Thank you for being a friend Traveled down the hardest road and back again,banter,
"Hope it turns out better than it did for Chuck, The Dream, and Clyde.",banter,
"This is the kind of Sixers level ""get out there and fuck a team up for one series"" I can really get behind",banter,
Glass Cannon team is the best way to put this roster lmao.,banter,
"We’d get some crazy stats at the end of the year like “the Warriors were +178 points for the 37 minutes this season where Steph, LeBron, and AD were all on the court together”",banter,
"Hope so! Someone has to play basketball while the uncs rest for the playoffs. Gui Santos, Podz, and Yax will be earning those paychecks.",banter,
"Okay now we're cooking, team unction until the wheels fall off",banter,
"Straight up, wrap em all in bubble wrap until the play in lol",banter,
Oh so we found the guy that reads beyond the headline here,banter,
I too would love to have prime Jessica Alba as my wife and the mother of my children.,banter,
"Trying to force Celebrini's dad into an early retirement so he can attend his hockey games, good guy Warriors.",banter,
"The first rule of Spite Club is, please talk about Spite Club. The second rule of Spite Club is, please talk about Spite Club.",banter,
Getting paid to doompost is r/NBA's dream,banter,
He built the Thunders Championship Run💀 I will never forgive Leonard and Paul for their sins for this lol,banter,
Put some respect on Wayoff P for gifting you J-Dub!,banter,
I love how the conversation is like Clippers fans: TRADE HIM ALREADY Spurs fans: TOLD YOU Raptors fans: BRING OUR BOY HOME,banter,
I’m playing the worlds tiniest violin right now for the org that tampered with our franchise player,banter,
"Spurs fans like ""LOUDER FOR THE PEOPLE IN THE BACK""",banter,
Someone in that organization must be scouting middle school games.,banter,
The Knueppel Cloning program is off to a strong start.,banter,
Some of the Fortnite kids are already in the NBA. The 2033 NBA Draft will be the first one where the Cocomelon/Skibidi Toilet (Gen Alpha) kids are eligible.,banter,
Emoting 3's from half court at 67% I hear.,banter,
Imagine trading for Grayson Allen and getting a culture upgrade,banter,
The awkward moment when Grayson Allen is only the second most violent player in a trade. I guess Bridges doesn't hit men though...,banter,
How could you support a team who would employ such a bad man? Im appalled and disgusted.,banter,
"Nice try, you're not gonna catch me saying something stupid that an even dumber redditor can link to in 5 years",banter,
"Look at this idiot, bro thought Allen Graves WASN’T going to win 4 straight MVPs! It was so predictable!",banter,
"Big meaty men slapping meat, endorsed by Big E.",banter,
Mamdani needs to get that Giant Knicks jersey for the Statue of Liberty ordered ASAP in time for the parade,banter,
Somebody check on the Statue of Liberty,banter,
Give the spurs a dollar and you get back three quarters,banter,
"Fox is the worst thing to happen in the NBA finals since the Cavs clown car lost 4-0 in the finals, but 4Q Spurs was a war crime",banter,
NYPD VS NEW YORK. NYC BOUT TO BECOME GOTHAM CITY,banter,
That's up there with JR Smith for dumbest plays I've ever seen,banter,
Just one more 3pt attempt bro we are 25 points ahead hahahahaha Just one more 3pt attempt bro we are 15 points ahead hahahaha Just one more 3pt attempt bro we are 10 points ahead hahaha DONT GO FOR THE LAYUP FOX WE ARE 1 POINT AHEAD PLEASE,banter,
"Chuck: ""We saw the dumbest basketball team in civilization"" lmaoooo",banter,
"Analytically, the 2026 Knicks are the worst team in NBA history.",banter,
"This series so far has been the San Antonio Knicks vs the New York Spurs, road team has won every game.",banter,
De’Aaron Fox played for Al Qaeda for 47 minutes tonight.,banter,
Wake up. Be ass. Hit a big shot every now and then. Make $670k for the game. Such is life for a Fox.,banter,
France’s top 2 gifts to New York City all time: 1.The Statue of Liberty 2.Victor Wembanyama turnovers in the clutch,banter,
The knicks may never lose again,banter,
Knicks owe Danhausen a season ticket for life,banter,
NYC is now 3 wins away from turning into Gotham,banter,
the **knicks** have not lost a game since the devil wears prada 2 came out,banter,
"Per the transitive property, the hawks are currently the second best team in the nba",banter,
"#LEMME GET A BRUNSON EGG AND CHEESE, HOLD THE DICK AND BALLS YA HEARD",banter,
Josh Hart is sober Dennis Rodman,banter,
"Chet fucking stinks, Ozempic Abraham Lincoln is a no show once again 4 points on 1/2 FG in G7 of the WCF? With B2B Finals on the line?",banter,
1-2 for 4 points in a winner take all game where your 3rd and 4th best scorers are out. Just completely owned by Wemby,banter,
